head,class,baseline_f1,finbert_f1,delta,support
intent,analyst_question,0.6837606837606838,0.8514851485148515,0.1677244647541677,51
intent,market_commentary,0.8471177944862155,0.9240246406570842,0.07690684617086874,1224
intent,risk_warning,0.8374384236453202,0.9137055837563451,0.07626716011102497,98
intent,performance_report,0.8809963099630996,0.9468864468864469,0.06589013692334722,1089
intent,policy_signal,0.8687150837988827,0.9219756621331424,0.05326057833425968,695
sentiment,negative,0.655436447166922,0.7969924812030075,0.14155603403608552,331
sentiment,positive,0.7138643067846607,0.8551307847082495,0.14126647792358882,492
sentiment,neutral,0.8735475051264525,0.9213483146067416,0.047800809480289086,1475
