tier,head,n,macro_f1,weighted_f1
tier2,intent,3157,0.911615496389574,0.9299675247983925
tier1,sentiment,479,0.90518731880389,0.9412568795377009
tier2,sentiment,1819,0.8450647760912998,0.8755715707399706
